{"initial_reset_timestamp": 25.9148553, "timestamps": [29.4455174, 31.1965227, 62.6372707, 64.4158484, 66.1388597, 121.3006846, 123.1944445, 124.7855867, 163.9684521, 171.3105786, 179.4087117, 181.1188725, 192.2900643, 194.5034692, 206.1633809, 277.2191619, 278.9826935, 280.6941289, 295.0862432, 296.7936385, 298.8365944, 316.7137932, 353.3644719, 382.4196174, 384.226172, 439.2278211, 441.9106866, 479.3641198, 481.5574117, 492.0644191, 519.3101217, 563.3269376, 601.7588874, 615.6540309, 621.2865847, 657.1725745, 663.8063597, 682.2563588, 695.2017376, 721.8485642, 740.7003306, 756.1221924, 758.2109064, 798.6355388, 807.5575019, 866.8884236, 874.2323911, 884.6200509, 942.8827668, 945.0538105, 967.7279128, 1001.9625945, 1011.5227833, 1021.3048778, 1029.9257132, 1044.5079631, 1047.9190216, 1067.0908043, 1078.383759, 1150.9427114, 1154.6727746, 1226.7245331, 1230.1407399, 1233.2420679, 1236.5503456, 1264.2579334, 1342.1029343, 1358.7761556, 1362.3248446, 1403.0039407, 1409.6311095, 1524.1129548, 1541.6050946, 1571.1937107, 1580.2266465, 1665.0193515, 1708.1906428, 1756.1020969, 1759.1297241], "episode_lengths": [44, 43, 854, 48, 44, 1388, 49, 43, 1128, 200, 210, 38, 304, 45, 320, 1857, 46, 41, 387, 39, 47, 483, 956, 729, 42, 1403, 50, 762, 48, 244, 607, 955, 847, 292, 110, 719, 136, 375, 248, 513, 354, 280, 34, 728, 157, 1060, 128, 176, 972, 35, 358, 581, 157, 150, 136, 240, 51, 301, 172, 1139, 58, 1082, 47, 45, 47, 365, 1109, 265, 51, 596, 98, 1716, 264, 450, 135, 1249, 629, 700, 43], "episode_rewards": [19.4, 18.199999999999992, 114.85000000000007, 15.149999999999995, 18.700000000000003, 50.29999999999971, 18.099999999999998, 19.3, 56.29999999999996, 53.60000000000003, 53.90000000000002, 18.000000000000004, 53.34999999999999, 18.249999999999993, 50.65, 66.74999999999974, 16.4, 17.89999999999999, 95.8500000000002, 18.25, 17.499999999999993, 122.09999999999997, 82.85000000000065, 88.35000000000021, 15.699999999999996, 103.15000000000049, 16.549999999999997, 115.85000000000008, 17.449999999999985, 54.60000000000001, 66.85000000000022, 113.35000000000002, 51.39999999999992, 96.05000000000014, 53.750000000000064, 120.35000000000021, 55.25000000000003, 61.25000000000005, 74.2500000000002, 91.29999999999998, 67.40000000000003, 67.9, 18.699999999999996, 55.799999999999905, 55.30000000000005, 59.100000000000115, 53.20000000000003, 58.70000000000006, 83.25000000000047, 18.849999999999998, 72.7000000000001, 67.25000000000021, 52.20000000000007, 58.550000000000054, 54.59999999999999, 52.900000000000055, 18.199999999999996, 55.20000000000003, 76.10000000000004, 107.40000000000043, 16.599999999999994, 54.24999999999994, 17.549999999999997, 17.999999999999996, 18.9, 95.30000000000007, 80.6499999999999, 69.95000000000003, 16.699999999999996, 130.95000000000005, 54.150000000000034, 107.1500000000006, 63.90000000000003, 98.55000000000004, 52.55000000000002, 79.00000000000038, 59.79999999999994, 88.5500000000003, 17.499999999999996], "episode_types": ["t", "t", "t", "t", "t", "t", "t", "t", "t", "t", "t", "t", "t", "t", "t", "t", "t", "t", "t", "t", "t", "t", "t", "t", "t", "t", "t", "t", "t", "t", "t", "t", "t", "t", "t", "t", "t", "t", "t", "t", "t", "t", "t", "t", "t", "t", "t", "t", "t", "t", "t", "t", "t", "t", "t", "t", "t", "t", "t", "t", "t", "t", "t", "t", "t", "t", "t", "t", "t", "t", "t", "t", "t", "t", "t", "t", "t", "t", "t", "t"]}